{"vlog_default_sidebar":{"mks_author_widget-4":{"title":"","author":2,"auto_detect":0,"display_name":1,"display_avatar":1,"display_desc":1,"display_all_posts":1,"name_to_title":0,"link_to_name":0,"link_to_avatar":0,"link_text":"View all posts","link_url":"","avatar_size":80,"vlog-highlight":0},"vlog_posts_widget-11":{"title":"Latest articles","orderby":"rand","category":null,"numposts":4,"time":"0","layout":"h","slider":0,"per_slide":3,"cat_link":0,"auto_detect":0,"meta":[],"manual":[],"format":"0","tag":"","vlog-highlight":0}},"vlog_default_sticky_sidebar":{"mks_ads_widget-2":{"title":"","size":"large","num_per_view":1,"rotate":0,"randomize":0,"nofollow":0,"speed":5,"ad_width":0,"ad_height":0,"ads":[{"img":"http:\/\/mekshq.com\/static\/vlog\/vlog_ad_300x250_02.jpg","link":"#"}],"vlog-highlight":0}},"vlog_sidebar_1":{"mks_author_widget-5":{"title":"","author":1,"auto_detect":1,"display_name":1,"display_avatar":1,"display_desc":1,"display_all_posts":1,"name_to_title":0,"link_to_name":0,"link_to_avatar":0,"link_text":"View all posts","link_url":"","avatar_size":80,"vlog-highlight":0},"vlog_posts_widget-10":{"title":"Trending","orderby":"views","category":null,"numposts":5,"time":"0","layout":"g","slider":1,"per_slide":1,"cat_link":1,"auto_detect":1,"meta":["views"],"manual":[],"format":"0","tag":"","vlog-highlight":0}},"vlog_sidebar_2":{"mks_social_widget-2":{"title":"Get in touch","content":"Collaboratively harness market-driven processes whereas resource-leveling internal or \"organic\" sources. Competently formulate.","style":"circle","size":44,"target":"_blank","social":[{"icon":"facebook","url":"https:\/\/www.facebook.com\/mekshq"},{"icon":"twitter","url":"https:\/\/twitter.com\/mekshq"},{"icon":"googleplus","url":"https:\/\/plus.google.com\/u\/0\/+meksHQgplus\/posts"},{"icon":"instagram","url":"http:\/\/instagram.com\/"}],"vlog-highlight":0},"wysija-3":{"title":"Newsletter","form":"1","vlog-highlight":1}},"vlog_sidebar_3":{"text-3":{"title":"Highlight Option","text":"Turn on the \"highlight\" option for any widget, to get an alternative styling like this. You can change the colors for highlighted widgets in the theme options. See more examples below.","filter":false,"vlog-highlight":1},"vlog_posts_widget-5":{"title":"Vlog Posts Big","orderby":"date","category":null,"numposts":3,"time":"0","layout":"g","slider":0,"per_slide":3,"cat_link":0,"auto_detect":0,"meta":["date"],"manual":[],"format":"0","tag":"","vlog-highlight":0},"vlog_posts_widget-6":{"title":"Vlog Posts List","orderby":"date","category":null,"numposts":3,"time":"0","layout":"h","slider":0,"per_slide":3,"cat_link":0,"auto_detect":0,"meta":["date"],"manual":[],"format":"0","tag":"","vlog-highlight":1},"vlog_posts_widget-7":{"title":"Vlog Posts Slider","orderby":"date","category":null,"numposts":5,"time":"0","layout":"g","slider":1,"per_slide":1,"cat_link":0,"auto_detect":0,"meta":["date"],"manual":[],"format":"0","tag":"","vlog-highlight":0},"vlog_category_widget-2":{"title":"Vlog Categories","categories":["4","5","6"],"count":1,"vlog-highlight":1},"vlog_series_widget-2":{"title":"Vlog Playlists","series":["16","18","19","15","17"],"count":1,"vlog-highlight":0},"mks_ads_widget-3":{"title":"Meks Ads","size":"large","num_per_view":1,"rotate":0,"randomize":0,"nofollow":0,"speed":5,"ad_width":0,"ad_height":0,"ads":[{"img":"http:\/\/mekshq.com\/static\/vlog\/vlog_ad_300x250.jpg","link":"#"}],"vlog-highlight":0},"mks_ads_widget-4":{"title":"Meks Ads Small","size":"small","num_per_view":4,"rotate":0,"randomize":0,"nofollow":0,"speed":5,"ad_width":0,"ad_height":0,"ads":[{"img":"http:\/\/mekshq.com\/static\/vlog\/vlog_ad_125x125_01.jpg","link":"#"},{"img":"http:\/\/mekshq.com\/static\/vlog\/vlog_ad_125x125_02.jpg","link":"#"},{"img":"http:\/\/mekshq.com\/static\/vlog\/vlog_ad_125x125_03.jpg","link":"#"},{"img":"http:\/\/mekshq.com\/static\/vlog\/vlog_ad_125x125_04.jpg","link":"#"}],"vlog-highlight":0},"mks_flickr_widget-2":{"title":"Meks Flickr","id":"23100287@N07","count":"9","t_width":"79","t_height":"79","vlog-highlight":0},"mks_author_widget-3":{"title":"","author":2,"auto_detect":0,"display_name":1,"display_avatar":1,"display_desc":1,"display_all_posts":1,"name_to_title":0,"link_to_name":0,"link_to_avatar":0,"link_text":"View all posts","link_url":"","avatar_size":80,"vlog-highlight":1},"mks_social_widget-3":{"title":"Meks Social","content":"Collaboratively harness market-driven processes whereas resource-leveling internal or \"organic\" sources. Competently formulate.","style":"circle","size":44,"target":"_blank","social":[{"icon":"facebook","url":"https:\/\/www.facebook.com\/mekshq"},{"icon":"twitter","url":"https:\/\/twitter.com\/mekshq"},{"icon":"googleplus","url":"https:\/\/plus.google.com\/u\/0\/+meksHQgplus\/posts"},{"icon":"instagram","url":"http:\/\/instagram.com\/"}],"vlog-highlight":0},"mks_themeforest_widget-2":{"title":"Meks ThemeForest","description":"","user":"meks","num_items":6,"exclude":"","ref":"meks","orderby":"uploaded_on","more_link_url":"http:\/\/themeforest.net\/user\/meks\/portfolio?ref=meks","more_link_txt":"View more","order":"desc","items_type":["wordpress"],"items_from":"user","target":"_blank","vlog-highlight":0}},"vlog_footer_sidebar_1":{"text-2":{"title":"","text":"<p><img style=\"width:140px\" src=\"http:\/\/mekshq.com\/static\/vlog\/vlog_v1_logo_invert@2x.png\"\/><\/p>\r\n<p>Vlog is a carefully crafted WordPress theme with a focus on your video content. It will suit the needs of any personal video blog, all the way to complex magazine websites. Whether you need a website for video blogging, video tutorials and lessons or any sort of viral video sharing, Vlog is the perfect choice. YouTube, Vimeo, Dailymotion and other common video content never looked better!<\/p>","filter":false,"vlog-highlight":0}},"vlog_footer_sidebar_2":{"vlog_posts_widget-8":{"title":"Most Viewed","orderby":"views","category":null,"numposts":3,"time":"0","layout":"h","slider":0,"per_slide":3,"cat_link":0,"auto_detect":0,"meta":["views"],"manual":[],"format":"video","tag":"","vlog-highlight":0}},"vlog_footer_sidebar_3":{"vlog_posts_widget-9":{"title":"Most Discussed","orderby":"comment_count","category":null,"numposts":3,"time":"0","layout":"h","slider":0,"per_slide":3,"cat_link":0,"auto_detect":0,"meta":["comments"],"manual":[],"format":"video","tag":"","vlog-highlight":0}},"vlog_footer_sidebar_4":{"nav_menu-2":{"title":"Company profile","nav_menu":10,"vlog-highlight":0}}}